video,start,species,skipped,decision,score,reasons,passive,passive_frames,frame_scores,blinks,pulse_valid,pulse_bpm,pulse_snr_db,pulse_score,predicted_class
head_pose_face_detection_female,0,live,False,live,0.7432627131536756,all_checks_passed,0.9211,120,"[0.9415, 0.9111, 0.909, 0.9213, 0.9312, 0.9184, 0.9114, 0.8913, 0.8825, 0.8753, 0.8722, 0.9047, 0.9056, 0.9076, 0.8867, 0.9196, 0.9158, 0.8897, 0.8876, 0.8867, 0.89, 0.9106, 0.8997, 0.9179, 0.899, 0.8896, 0.8914, 0.9055, 0.9083, 0.8961, 0.9073, 0.9001, 0.9167, 0.9195, 0.8795, 0.9028, 0.9027, 0.8807, 0.873, 0.8326, 0.8455, 0.7976, 0.8977, 0.9166, 0.8892, 0.8384, 0.8249, 0.8374, 0.8644, 0.8478, 0.9236, 0.9024, 0.8797, 0.8479, 0.8616, 0.9381, 0.858, 0.9082, 0.8905, 0.9071, 0.9145, 0.9245, 0.8948, 0.9058, 0.9101, 0.8984, 0.8818, 0.9194, 0.9412, 0.9447, 0.9433, 0.9469, 0.9283, 0.9495, 0.9399, 0.8702, 0.9422, 0.9434, 0.9505, 0.9491, 0.9425, 0.9336, 0.9387, 0.9343, 0.9492, 0.9616, 0.9509, 0.9387, 0.9503, 0.9334, 0.9529, 0.943, 0.9491, 0.9513, 0.9466, 0.9461, 0.9501, 0.9513, 0.9522, 0.9465, 0.9534, 0.9366, 0.9359, 0.9299, 0.9469, 0.951, 0.9501, 0.9537, 0.9569, 0.9513, 0.9644, 0.9617, 0.96, 0.9503, 0.9521, 0.9559, 0.9564, 0.9599, 0.9591, 0.965]",1,True,60.5,-2.07,0.0,live
head_pose_face_detection_female,120,live,False,live,0.6645412069451385,all_checks_passed,0.9532,119,"[0.9366, 0.9677, 0.9623, 0.9627, 0.9608, 0.9606, 0.9514, 0.9669, 0.9631, 0.9534, 0.9602, 0.9605, 0.9584, 0.9574, 0.9604, 0.9635, 0.9711, 0.9681, 0.9548, 0.9423, 0.9554, 0.9574, 0.9647, 0.9511, 0.9527, 0.9484, 0.9444, 0.954, 0.9667, 0.965, 0.9746, 0.9723, 0.9701, 0.971, 0.9679, 0.9631, 0.9631, 0.9615, 0.96, 0.9649, 0.9538, 0.9473, 0.9509, 0.9447, 0.9398, 0.932, 0.911, 0.9258, 0.9357, 0.9322, 0.9337, 0.9332, 0.9454, 0.9274, 0.9253, 0.9046, 0.9251, 0.9396, 0.9575, 0.9408, 0.9355, 0.9432, 0.9318, 0.9176, 0.9452, 0.9321, 0.937, 0.9258, 0.9226, 0.9187, 0.9246, 0.9265, 0.9516, 0.9207, 0.9315, 0.9202, 0.9305, 0.9483, 0.9361, 0.9441, 0.9498, 0.9309, 0.9451, 0.9409, 0.9648, 0.9706, 0.9736, 0.9709, 0.9734, 0.9684, 0.9607, 0.9516, 0.9443, 0.9279, 0.9144, 0.9491, 0.9457, 0.9453, 0.9666, 0.9691, 0.9619, 0.9619, 0.9567, 0.951, 0.9562, 0.9596, 0.9639, 0.9716, 0.9667, 0.9678, 0.9667, 0.9701, 0.9677, 0.9687, 0.9672, 0.9701, 0.9683, 0.9739, 0.9736]",0,True,77.3,-0.05,0.159,live
head_pose_face_detection_female,240,live,False,live,0.8314976357159944,all_checks_passed,0.9451,98,"[0.9659, 0.9539, 0.963, 0.9391, 0.9406, 0.9266, 0.9599, 0.951, 0.9427, 0.9683, 0.9624, 0.9752, 0.9615, 0.9497, 0.9435, 0.9467, 0.9429, 0.9469, 0.9421, 0.9501, 0.9591, 0.9641, 0.9522, 0.9594, 0.9674, 0.9634, 0.9594, 0.9723, 0.9705, 0.9772, 0.9764, 0.9703, 0.9685, 0.9603, 0.9646, 0.9674, 0.9541, 0.9588, 0.9661, 0.9664, 0.9556, 0.9675, 0.9618, 0.9609, 0.9619, 0.9576, 0.9552, 0.9537, 0.9547, 0.9517, 0.9418, 0.9502, 0.9455, 0.9217, 0.9225, 0.9453, 0.9434, 0.9556, 0.9485, 0.9625, 0.9471, 0.9408, 0.9422, 0.922, 0.9497, 0.9134, 0.9168, 0.9017, 0.9011, 0.9126, 0.9196, 0.9123, 0.9115, 0.908, 0.8968, 0.9071, 0.9017, 0.9051, 0.9406, 0.9054, 0.9158, 0.9111, 0.9025, 0.9136, 0.8983, 0.914, 0.9045, 0.9185, 0.9024, 0.9173, 0.9335, 0.9294, 0.933, 0.9277, 0.9403, 0.9366, 0.9598, 0.9686]",1,True,66.0,-1.76,0.0,live
head_pose_face_detection_female,360,live,False,live,0.8344701806472417,all_checks_passed,0.9479,117,"[0.9555, 0.9624, 0.9501, 0.896, 0.9241, 0.9287, 0.9106, 0.901, 0.9329, 0.9523, 0.9641, 0.9409, 0.9266, 0.9511, 0.9194, 0.9301, 0.9038, 0.95, 0.9608, 0.9651, 0.9522, 0.9477, 0.9556, 0.9616, 0.9547, 0.9441, 0.9401, 0.9536, 0.9341, 0.9381, 0.9386, 0.9562, 0.9555, 0.9258, 0.9447, 0.9522, 0.9611, 0.9522, 0.9457, 0.9283, 0.9467, 0.957, 0.9509, 0.9307, 0.9563, 0.9377, 0.9481, 0.9597, 0.9531, 0.9453, 0.9521, 0.9589, 0.9687, 0.9498, 0.9452, 0.9614, 0.9662, 0.9629, 0.9616, 0.9546, 0.9337, 0.9233, 0.9441, 0.9498, 0.9413, 0.9442, 0.9415, 0.9399, 0.9398, 0.9504, 0.9351, 0.9328, 0.9375, 0.9348, 0.9494, 0.9407, 0.9491, 0.9569, 0.9533, 0.9522, 0.9522, 0.9452, 0.9489, 0.9225, 0.9436, 0.9444, 0.9453, 0.9347, 0.9462, 0.9535, 0.9513, 0.9639, 0.9537, 0.9456, 0.9504, 0.9548, 0.942, 0.9435, 0.9477, 0.9407, 0.9424, 0.937, 0.9379, 0.9483, 0.9562, 0.954, 0.946, 0.9641, 0.9499, 0.9427, 0.949, 0.9639, 0.9633, 0.967, 0.9672, 0.9604, 0.9621]",1,True,49.9,-2.68,0.0,live
head_pose_face_detection_female,480,live,False,live,0.7925878836761701,all_checks_passed,0.9409,72,"[0.9569, 0.9551, 0.9559, 0.9511, 0.9468, 0.9484, 0.9348, 0.9305, 0.9383, 0.9317, 0.9231, 0.9343, 0.952, 0.9378, 0.9439, 0.9366, 0.9528, 0.9236, 0.958, 0.9663, 0.9253, 0.906, 0.9115, 0.9363, 0.9214, 0.9306, 0.8975, 0.9051, 0.9236, 0.9229, 0.9562, 0.9661, 0.9549, 0.9434, 0.9251, 0.9525, 0.9451, 0.9397, 0.9143, 0.9363, 0.9479, 0.9237, 0.9195, 0.9177, 0.9501, 0.942, 0.9511, 0.9525, 0.9602, 0.9616, 0.9554, 0.9478, 0.9482, 0.9535, 0.9446, 0.944, 0.9473, 0.9367, 0.9399, 0.9348, 0.9389, 0.9484, 0.9376, 0.9448, 0.9365, 0.9537, 0.9543, 0.923, 0.93, 0.9371, 0.9408, 0.9258]",1,True,63.3,1.98,0.0,live
head_pose_face_detection_female,600,live,False,live,0.8259983484434,all_checks_passed,0.9369,62,"[0.937, 0.9415, 0.9373, 0.9282, 0.9358, 0.9518, 0.9368, 0.926, 0.9608, 0.9504, 0.9461, 0.936, 0.9484, 0.9432, 0.9074, 0.9397, 0.9596, 0.9483, 0.9455, 0.9414, 0.9421, 0.9518, 0.9388, 0.9379, 0.9357, 0.9328, 0.9309, 0.9151, 0.9286, 0.9426, 0.9439, 0.9472, 0.9459, 0.9381, 0.9356, 0.951, 0.9327, 0.9405, 0.9446, 0.9409, 0.9403, 0.941, 0.9271, 0.9306, 0.9319, 0.926, 0.9329, 0.9278, 0.9379, 0.9276, 0.9489, 0.9428, 0.9385, 0.9174, 0.934, 0.9202, 0.8696, 0.9024, 0.8396, 0.8108, 0.8802, 0.8415]",1,True,61.9,-0.83,0.028,live
head_pose_face_detection_female,720,live,False,live,0.8803728849772535,all_checks_passed|pulse_detected,0.9397,100,"[0.8889, 0.9007, 0.9048, 0.9031, 0.889, 0.8921, 0.8842, 0.8934, 0.9229, 0.9177, 0.9005, 0.9419, 0.9488, 0.9387, 0.9474, 0.945, 0.9387, 0.9499, 0.9591, 0.959, 0.9501, 0.9171, 0.9519, 0.95, 0.9503, 0.9357, 0.9402, 0.9289, 0.94, 0.9355, 0.9392, 0.9429, 0.9354, 0.9399, 0.9437, 0.945, 0.9475, 0.9427, 0.9416, 0.9334, 0.9452, 0.9503, 0.9495, 0.9504, 0.952, 0.9481, 0.952, 0.9525, 0.9454, 0.9501, 0.9522, 0.9426, 0.9456, 0.9446, 0.9357, 0.9428, 0.9483, 0.9533, 0.9474, 0.9333, 0.9367, 0.9361, 0.9358, 0.9437, 0.9313, 0.9284, 0.9368, 0.9363, 0.935, 0.9393, 0.9224, 0.9337, 0.9412, 0.9418, 0.9405, 0.9372, 0.9434, 0.9464, 0.9437, 0.9332, 0.9344, 0.9402, 0.9338, 0.9247, 0.921, 0.9212, 0.9369, 0.9385, 0.9416, 0.9371, 0.9434, 0.9437, 0.9343, 0.95, 0.9391, 0.943, 0.9372, 0.8853, 0.8837, 0.8994]",1,True,57.7,3.02,0.67,live
head_pose_face_detection_female,840,live,False,live,0.7469654058646445,all_checks_passed,0.9045,120,"[0.9116, 0.9088, 0.9061, 0.9005, 0.8829, 0.8919, 0.8913, 0.8842, 0.9035, 0.8947, 0.8839, 0.8932, 0.8938, 0.8851, 0.8835, 0.881, 0.8429, 0.8649, 0.8881, 0.8776, 0.8824, 0.895, 0.8858, 0.8823, 0.8536, 0.8741, 0.8942, 0.8797, 0.8661, 0.8928, 0.8572, 0.8534, 0.8629, 0.878, 0.8794, 0.8894, 0.8673, 0.905, 0.8767, 0.8926, 0.8892, 0.8964, 0.8975, 0.8973, 0.9077, 0.8953, 0.9105, 0.9004, 0.8943, 0.8748, 0.9006, 0.9057, 0.9008, 0.8657, 0.8676, 0.8668, 0.8807, 0.8964, 0.8707, 0.9037, 0.9174, 0.8927, 0.8901, 0.8894, 0.8895, 0.9085, 0.9293, 0.9341, 0.9237, 0.9375, 0.9351, 0.9227, 0.9001, 0.9216, 0.9096, 0.9152, 0.9168, 0.9103, 0.896, 0.8912, 0.9188, 0.9081, 0.934, 0.9277, 0.9555, 0.9364, 0.9216, 0.9241, 0.9128, 0.9002, 0.8901, 0.9056, 0.9111, 0.939, 0.9443, 0.9217, 0.9231, 0.946, 0.9337, 0.9193, 0.9341, 0.9266, 0.9349, 0.9187, 0.9345, 0.9323, 0.9181, 0.9288, 0.9438, 0.9293, 0.9251, 0.9293, 0.9308, 0.9491, 0.9387, 0.9311, 0.9485, 0.9441, 0.9428, 0.9421]",5,True,64.0,-2.67,0.0,live
head_pose_face_detection_female,1080,live,False,live,0.6601400512759514,all_checks_passed,0.9406,70,"[0.9488, 0.9206, 0.9557, 0.9442, 0.9467, 0.9419, 0.9416, 0.9455, 0.9418, 0.9367, 0.9412, 0.9465, 0.9497, 0.9462, 0.9481, 0.9502, 0.9467, 0.9377, 0.9489, 0.9371, 0.9356, 0.9433, 0.942, 0.9493, 0.934, 0.9366, 0.9492, 0.9408, 0.9524, 0.9467, 0.9449, 0.9433, 0.9555, 0.9333, 0.9094, 0.9308, 0.9452, 0.946, 0.9379, 0.9493, 0.946, 0.944, 0.9427, 0.9465, 0.9234, 0.939, 0.9361, 0.9438, 0.9304, 0.9423, 0.9397, 0.9281, 0.9334, 0.946, 0.9397, 0.9389, 0.9234, 0.9327, 0.9381, 0.9295, 0.9286, 0.9356, 0.9493, 0.9314, 0.9324, 0.9121, 0.9224, 0.9285, 0.9201, 0.9374]",0,True,108.3,-3.57,0.0,live
head_pose_face_detection_female,960,live,False,live,0.8300773964174067,all_checks_passed,0.9437,109,"[0.954, 0.9259, 0.9395, 0.9417, 0.9432, 0.9387, 0.9434, 0.9354, 0.9462, 0.9477, 0.9499, 0.9401, 0.9373, 0.9374, 0.9356, 0.9192, 0.9338, 0.9304, 0.9302, 0.9341, 0.932, 0.9241, 0.9138, 0.9381, 0.9436, 0.9403, 0.93, 0.9352, 0.9396, 0.9395, 0.9248, 0.9402, 0.9296, 0.9414, 0.9473, 0.9564, 0.9513, 0.9582, 0.9545, 0.9497, 0.9485, 0.9507, 0.9563, 0.9556, 0.954, 0.9449, 0.9494, 0.9496, 0.944, 0.9405, 0.9518, 0.9492, 0.9452, 0.9486, 0.9387, 0.9399, 0.9399, 0.9377, 0.9443, 0.9521, 0.9559, 0.9457, 0.9468, 0.9471, 0.9477, 0.943, 0.9508, 0.9537, 0.953, 0.9568, 0.9483, 0.948, 0.9394, 0.9511, 0.9511, 0.9419, 0.9382, 0.9411, 0.9395, 0.9444, 0.9395, 0.9487, 0.9355, 0.9353, 0.9379, 0.9345, 0.9397, 0.9433, 0.948, 0.9474, 0.9485, 0.9539, 0.9414, 0.9494, 0.9421, 0.9361, 0.9357, 0.943, 0.947, 0.95, 0.9569, 0.9587, 0.9646, 0.9491, 0.9566, 0.9435, 0.9259, 0.9282, 0.928]",1,True,96.3,-5.75,0.0,live
head_pose_face_detection_female,1320,live,False,live,0.6603863460861007,all_checks_passed,0.9303,60,"[0.9285, 0.9455, 0.9199, 0.9221, 0.9275, 0.924, 0.9316, 0.9298, 0.9242, 0.9326, 0.9279, 0.9242, 0.9232, 0.919, 0.9139, 0.9299, 0.9314, 0.9255, 0.9241, 0.9328, 0.9313, 0.9288, 0.9285, 0.9271, 0.9285, 0.911, 0.9184, 0.9191, 0.9264, 0.9497, 0.9263, 0.9542, 0.9599, 0.9373, 0.9205, 0.9214, 0.8996, 0.9252, 0.9377, 0.9563, 0.9216, 0.9363, 0.9237, 0.9369, 0.9418, 0.9408, 0.9354, 0.9301, 0.9258, 0.9321, 0.9392, 0.9406, 0.9368, 0.928, 0.9343, 0.9622, 0.9629, 0.9501, 0.9587, 0.958]",0,True,53.1,-0.41,0.099,live
head_pose_face_detection_female,1200,live,False,live,0.834850354087917,all_checks_passed,0.926,120,"[0.9403, 0.9483, 0.9247, 0.8723, 0.8689, 0.8663, 0.8885, 0.8888, 0.9176, 0.8944, 0.9059, 0.9012, 0.9133, 0.9183, 0.9255, 0.931, 0.936, 0.9359, 0.947, 0.9277, 0.9384, 0.9358, 0.9409, 0.9268, 0.9314, 0.9293, 0.9229, 0.9349, 0.9324, 0.9369, 0.9281, 0.9246, 0.923, 0.9339, 0.9346, 0.9329, 0.9299, 0.9195, 0.9215, 0.9272, 0.935, 0.9184, 0.9288, 0.9247, 0.9185, 0.9334, 0.9333, 0.9277, 0.9211, 0.9136, 0.9239, 0.9202, 0.9294, 0.9337, 0.928, 0.9221, 0.926, 0.9259, 0.9176, 0.9294, 0.9333, 0.9378, 0.944, 0.941, 0.9399, 0.9355, 0.9414, 0.9393, 0.9302, 0.9289, 0.9377, 0.9483, 0.9463, 0.9277, 0.9308, 0.9193, 0.9218, 0.9195, 0.9007, 0.9091, 0.8984, 0.9124, 0.9044, 0.9296, 0.904, 0.919, 0.9434, 0.9351, 0.9257, 0.9205, 0.9283, 0.9337, 0.9299, 0.9235, 0.9096, 0.911, 0.9318, 0.9063, 0.9198, 0.907, 0.9112, 0.9086, 0.9151, 0.9102, 0.914, 0.9284, 0.935, 0.9344, 0.9392, 0.9368, 0.9323, 0.9272, 0.9265, 0.9211, 0.9141, 0.9019, 0.9228, 0.923, 0.9196, 0.9265]",1,True,75.2,0.26,0.209,live
head_pose_face_detection_female,1440,live,False,live,0.829273594676455,all_checks_passed,0.9429,50,"[0.9492, 0.9484, 0.952, 0.9481, 0.9505, 0.9433, 0.949, 0.9385, 0.9382, 0.9407, 0.933, 0.9386, 0.9462, 0.9484, 0.9447, 0.9413, 0.9406, 0.9523, 0.9374, 0.9503, 0.9379, 0.9548, 0.9386, 0.9347, 0.9483, 0.9367, 0.9479, 0.9305, 0.93, 0.9388, 0.9448, 0.9367, 0.9336, 0.94, 0.9313, 0.9424, 0.9297, 0.9315, 0.9357, 0.943, 0.9547, 0.953, 0.9458, 0.9401, 0.9433, 0.9419, 0.9576, 0.966, 0.9458, 0.963]",1,True,77.3,-1.8,0.0,live
head_pose_face_detection_female,0,print_glossy,False,not_live,0.475233828687292,low_confidence:pulse,0.4207,117,"[0.3699, 0.2892, 0.5008, 0.4481, 0.3732, 0.2137, 0.4395, 0.4708, 0.4017, 0.5267, 0.4434, 0.3614, 0.4814, 0.4148, 0.3596, 0.4797, 0.3158, 0.5178, 0.453, 0.4548, 0.2855, 0.3762, 0.4989, 0.4277, 0.4213, 0.531, 0.5872, 0.4655, 0.5125, 0.5156, 0.4958, 0.3638, 0.3809, 0.4976, 0.4676, 0.5339, 0.4734, 0.4281, 0.4546, 0.4959, 0.2498, 0.4534, 0.3827, 0.4126, 0.2167, 0.5094, 0.4284, 0.3187, 0.4443, 0.4926, 0.3293, 0.4742, 0.3967, 0.377, 0.2753, 0.3891, 0.2563, 0.2328, 0.3773, 0.4358, 0.3952, 0.3122, 0.2625, 0.2961, 0.4394, 0.4676, 0.3855, 0.263, 0.4489, 0.338, 0.6347, 0.4764, 0.4669, 0.3694, 0.4533, 0.3317, 0.3291, 0.3927, 0.5492, 0.345, 0.5749, 0.4356, 0.5046, 0.543, 0.4171, 0.2789, 0.4679, 0.4486, 0.4699, 0.3857, 0.571, 0.5464, 0.4103, 0.4644, 0.61, 0.4406, 0.4932, 0.4364, 0.4799, 0.4416, 0.3793, 0.3974, 0.452, 0.3363, 0.4711, 0.287, 0.3544, 0.3181, 0.3866, 0.4258, 0.2841, 0.3258, 0.3252, 0.342, 0.3013, 0.4453, 0.5794]",3,True,106.2,-2.61,0.0,print_glossy
head_pose_face_detection_female,0,replay_phone,False,not_live,0.5224834715934868,low_confidence:pulse,0.7069,120,"[0.6816, 0.3166, 0.5858, 0.6232, 0.6312, 0.5582, 0.6173, 0.7071, 0.7823, 0.6086, 0.6097, 0.5781, 0.6398, 0.6271, 0.7127, 0.5299, 0.5119, 0.7137, 0.6046, 0.5628, 0.6143, 0.6987, 0.5912, 0.5907, 0.5938, 0.7246, 0.7377, 0.6661, 0.5728, 0.5076, 0.6793, 0.5358, 0.6884, 0.7469, 0.4613, 0.6822, 0.6021, 0.6781, 0.6174, 0.7006, 0.6571, 0.5988, 0.6115, 0.395, 0.8069, 0.2302, 0.5411, 0.4578, 0.4649, 0.5634, 0.555, 0.6338, 0.6466, 0.4317, 0.4628, 0.2381, 0.7056, 0.6516, 0.5377, 0.6067, 0.5595, 0.7615, 0.6401, 0.7112, 0.5831, 0.5674, 0.6248, 0.6125, 0.5931, 0.5451, 0.8149, 0.777, 0.8481, 0.6698, 0.5991, 0.4573, 0.8336, 0.8351, 0.8281, 0.8063, 0.7991, 0.8673, 0.8039, 0.8154, 0.7977, 0.8429, 0.8272, 0.8282, 0.8155, 0.8707, 0.8778, 0.8771, 0.8995, 0.9013, 0.8308, 0.8641, 0.8464, 0.82, 0.8189, 0.8743, 0.8221, 0.8286, 0.8292, 0.8419, 0.8137, 0.8871, 0.8914, 0.8695, 0.8758, 0.8676, 0.8652, 0.8805, 0.82, 0.8603, 0.8652, 0.9028, 0.8596, 0.8698, 0.8928, 0.8874]",1,True,61.2,-1.77,0.0,live
head_pose_face_detection_female,0,replay_monitor,False,not_live,0.21350281425342943,passive_model_rejected,0.0611,75,"[0.0663, 0.0655, 0.0617, 0.0572, 0.0669, 0.0625, 0.0631, 0.0714, 0.0603, 0.069, 0.0628, 0.0628, 0.0662, 0.0651, 0.0603, 0.0624, 0.0567, 0.0625, 0.0657, 0.056, 0.0584, 0.0674, 0.0602, 0.0581, 0.0592, 0.0543, 0.0618, 0.0617, 0.0628, 0.063, 0.0658, 0.0589, 0.0626, 0.0619, 0.0646, 0.0645, 0.0578, 0.0628, 0.058, 0.058, 0.0592, 0.0611, 0.0591, 0.0607, 0.0614, 0.0646, 0.0602, 0.0667, 0.0675, 0.0595, 0.0591, 0.0547, 0.061, 0.0621, 0.061, 0.0617, 0.0546, 0.0579, 0.056, 0.0531, 0.0679, 0.0661, 0.0595, 0.0578, 0.0559, 0.0585, 0.0592, 0.0618, 0.0634, 0.0633, 0.0608, 0.0601, 0.0593, 0.0502, 0.0552]",0,False,0.0,-99.0,0.0,replay_monitor
head_pose_face_detection_female,0,print_matte,False,not_live,0.15259323793314897,passive_model_rejected,0.1006,120,"[0.1157, 0.0845, 0.1981, 0.1063, 0.1294, 0.1737, 0.2008, 0.0754, 0.1226, 0.165, 0.1245, 0.0703, 0.1838, 0.1174, 0.0954, 0.1255, 0.102, 0.1126, 0.0828, 0.1326, 0.074, 0.1445, 0.1047, 0.0688, 0.0783, 0.1845, 0.1353, 0.1379, 0.1122, 0.1405, 0.1939, 0.0976, 0.0945, 0.121, 0.1055, 0.1396, 0.1601, 0.157, 0.1455, 0.2334, 0.1544, 0.1075, 0.1393, 0.12, 0.1375, 0.1413, 0.2162, 0.0867, 0.2093, 0.1014, 0.1724, 0.1617, 0.1252, 0.101, 0.0683, 0.1733, 0.1053, 0.1625, 0.1936, 0.2245, 0.2295, 0.1889, 0.1422, 0.1648, 0.1627, 0.1342, 0.1616, 0.1816, 0.089, 0.1063, 0.0836, 0.0703, 0.1156, 0.0854, 0.0846, 0.0989, 0.1246, 0.1017, 0.1039, 0.1658, 0.0922, 0.0444, 0.0729, 0.0449, 0.0316, 0.0725, 0.0505, 0.0488, 0.0477, 0.0569, 0.0514, 0.0521, 0.0597, 0.0475, 0.0715, 0.048, 0.0274, 0.0703, 0.0418, 0.0756, 0.0972, 0.0605, 0.0421, 0.0581, 0.0487, 0.0413, 0.0348, 0.0524, 0.0247, 0.0494, 0.0431, 0.0383, 0.0415, 0.0429, 0.0458, 0.0432, 0.063, 0.057, 0.0514, 0.0395]",0,True,77.3,-0.61,0.066,print_matte
head_pose_face_detection_female,0,cutout_mask,False,not_live,0.15117918038328748,passive_model_rejected,0.0493,120,"[0.0513, 0.0489, 0.0536, 0.0474, 0.0472, 0.0452, 0.0505, 0.0472, 0.0493, 0.0514, 0.0433, 0.0613, 0.056, 0.0486, 0.0455, 0.048, 0.0487, 0.0544, 0.0439, 0.0483, 0.0521, 0.0454, 0.0541, 0.0504, 0.0514, 0.0483, 0.0475, 0.0504, 0.0528, 0.049, 0.0507, 0.0477, 0.043, 0.0464, 0.0458, 0.04, 0.048, 0.0484, 0.0425, 0.0477, 0.0527, 0.052, 0.0442, 0.0421, 0.047, 0.0523, 0.049, 0.0491, 0.0432, 0.0551, 0.0447, 0.0459, 0.0499, 0.0416, 0.0464, 0.053, 0.048, 0.0498, 0.0489, 0.0519, 0.0534, 0.0457, 0.0487, 0.0492, 0.0519, 0.0561, 0.0536, 0.0465, 0.0454, 0.0401, 0.0475, 0.0518, 0.0447, 0.0521, 0.0444, 0.0453, 0.047, 0.0554, 0.0622, 0.0607, 0.0463, 0.0504, 0.0542, 0.0567, 0.0527, 0.057, 0.0471, 0.0435, 0.0598, 0.0493, 0.0504, 0.0487, 0.047, 0.0514, 0.0509, 0.047, 0.0489, 0.0462, 0.0481, 0.0481, 0.0499, 0.0498, 0.0534, 0.0489, 0.0494, 0.0556, 0.0501, 0.058, 0.0533, 0.0585, 0.0516, 0.0463, 0.0574, 0.046, 0.0518, 0.0575, 0.0477, 0.0561, 0.0498, 0.0458]",0,True,97.7,-4.18,0.0,cutout_mask
head_pose_face_detection_female,360,print_glossy,False,not_live,0.6069464301634262,low_confidence:pulse,0.7231,118,"[0.8248, 0.8343, 0.8518, 0.8094, 0.7034, 0.8419, 0.722, 0.6694, 0.754, 0.7823, 0.7235, 0.7432, 0.7352, 0.3756, 0.661, 0.7852, 0.7928, 0.722, 0.8301, 0.8823, 0.8206, 0.7424, 0.7362, 0.8477, 0.7661, 0.7607, 0.7824, 0.6081, 0.5149, 0.7677, 0.8129, 0.8088, 0.8324, 0.7346, 0.7987, 0.752, 0.7434, 0.7044, 0.702, 0.5947, 0.725, 0.7315, 0.4749, 0.5616, 0.7512, 0.6649, 0.8777, 0.8289, 0.8904, 0.8425, 0.7653, 0.7997, 0.5341, 0.8116, 0.7008, 0.7003, 0.8226, 0.7378, 0.7022, 0.6247, 0.7159, 0.6527, 0.6445, 0.7317, 0.6943, 0.6941, 0.7372, 0.6377, 0.7585, 0.6673, 0.7962, 0.7887, 0.7226, 0.7532, 0.7835, 0.7959, 0.5718, 0.639, 0.7783, 0.5904, 0.6533, 0.7651, 0.7268, 0.552, 0.677, 0.6409, 0.6043, 0.5513, 0.7466, 0.8074, 0.7142, 0.6382, 0.6653, 0.6985, 0.7397, 0.7146, 0.7233, 0.6521, 0.7207, 0.6641, 0.5953, 0.5818, 0.6182, 0.634, 0.6774, 0.8087, 0.565, 0.7237, 0.7492, 0.6913, 0.7001, 0.6026, 0.7056, 0.7344, 0.7399, 0.6894, 0.6775, 0.7303]",1,True,49.2,-1.84,0.0,live
head_pose_face_detection_female,360,replay_phone,False,not_live,0.609806167888275,low_confidence:pulse,0.7307,117,"[0.8841, 0.8146, 0.7946, 0.76, 0.8094, 0.8245, 0.7376, 0.6282, 0.6249, 0.7476, 0.725, 0.7867, 0.7698, 0.7694, 0.6799, 0.5793, 0.7545, 0.7703, 0.8717, 0.8464, 0.8551, 0.663, 0.733, 0.8248, 0.7791, 0.8058, 0.8012, 0.6632, 0.455, 0.4239, 0.7852, 0.8436, 0.8436, 0.7665, 0.698, 0.7743, 0.8026, 0.8127, 0.8226, 0.687, 0.7531, 0.7737, 0.6719, 0.585, 0.5873, 0.716, 0.7511, 0.8066, 0.8129, 0.6884, 0.6897, 0.6539, 0.7573, 0.8036, 0.713, 0.7063, 0.842, 0.7489, 0.8081, 0.7617, 0.6616, 0.6349, 0.6, 0.7401, 0.7021, 0.7522, 0.7331, 0.6622, 0.7592, 0.6671, 0.6172, 0.6147, 0.6983, 0.756, 0.7457, 0.7265, 0.7575, 0.6584, 0.6683, 0.6714, 0.7376, 0.6267, 0.6973, 0.7736, 0.7076, 0.7628, 0.636, 0.6935, 0.6863, 0.6099, 0.7521, 0.6493, 0.7756, 0.7712, 0.7386, 0.7011, 0.7222, 0.6794, 0.7296, 0.7512, 0.7584, 0.6472, 0.7362, 0.6427, 0.7739, 0.7859, 0.7254, 0.8277, 0.6819, 0.7585, 0.7184, 0.7577, 0.709, 0.5877, 0.672, 0.7396, 0.6716]",2,True,49.9,-1.95,0.0,live
head_pose_face_detection_female,360,replay_monitor,False,not_live,0.024270859230935637,passive_model_rejected,0.0463,15,"[0.0506, 0.0417, 0.0457, 0.0546, 0.0438, 0.0437, 0.0549, 0.0487, 0.0443, 0.0468, 0.0433, 0.0502, 0.046, 0.0477, 0.0429]",0,False,0.0,-99.0,0.0,replay_monitor
head_pose_face_detection_female,360,print_matte,False,not_live,0.4400030238047009,passive_model_rejected,0.2819,118,"[0.3236, 0.3947, 0.2929, 0.3871, 0.26, 0.1874, 0.3963, 0.3852, 0.2362, 0.2883, 0.4461, 0.3445, 0.1551, 0.2779, 0.2144, 0.3223, 0.3816, 0.3789, 0.4225, 0.3092, 0.2995, 0.1985, 0.2004, 0.3233, 0.2741, 0.2631, 0.3064, 0.2352, 0.2052, 0.2813, 0.3027, 0.352, 0.5328, 0.4397, 0.2772, 0.2344, 0.2152, 0.2751, 0.2789, 0.5431, 0.4403, 0.3322, 0.1722, 0.1646, 0.2832, 0.2936, 0.5273, 0.2878, 0.4999, 0.2136, 0.219, 0.2741, 0.2073, 0.2345, 0.3898, 0.2684, 0.2993, 0.3868, 0.311, 0.2017, 0.2664, 0.2663, 0.2456, 0.298, 0.3701, 0.2353, 0.3086, 0.2709, 0.2393, 0.1849, 0.348, 0.3521, 0.2632, 0.1594, 0.3377, 0.2497, 0.2252, 0.191, 0.2984, 0.2814, 0.3532, 0.2565, 0.4069, 0.3451, 0.2002, 0.2532, 0.3168, 0.3284, 0.2479, 0.2397, 0.2502, 0.3245, 0.2548, 0.2602, 0.1722, 0.2077, 0.2357, 0.1907, 0.2817, 0.2502, 0.3439, 0.2286, 0.2649, 0.3219, 0.3308, 0.0948, 0.237, 0.3437, 0.208, 0.2104, 0.2925, 0.2543, 0.3456, 0.1863, 0.3963, 0.2397, 0.3133, 0.3408]",2,True,113.9,-2.83,0.0,print_glossy
head_pose_face_detection_female,1080,print_matte,False,not_live,0.4037874223362566,low_confidence:blink,0.6267,70,"[0.6103, 0.638, 0.5805, 0.5613, 0.682, 0.5846, 0.6172, 0.5743, 0.5582, 0.65, 0.5717, 0.6254, 0.5188, 0.4729, 0.6242, 0.5989, 0.7141, 0.7101, 0.6354, 0.4034, 0.618, 0.6466, 0.6593, 0.6238, 0.6421, 0.6255, 0.6997, 0.646, 0.6817, 0.5503, 0.6894, 0.6609, 0.6319, 0.6197, 0.6093, 0.6413, 0.708, 0.6243, 0.6593, 0.4362, 0.6335, 0.5444, 0.6362, 0.5874, 0.5942, 0.556, 0.6199, 0.6676, 0.6706, 0.6299, 0.7216, 0.5125, 0.6874, 0.6024, 0.7445, 0.6484, 0.6794, 0.6632, 0.6253, 0.5331, 0.6693, 0.6092, 0.5936, 0.5716, 0.4564, 0.5836, 0.7071, 0.7373, 0.6388, 0.7517]",0,True,106.2,-4.54,0.0,replay_phone
head_pose_face_detection_female,1080,print_glossy,False,not_live,0.3686486483016266,low_confidence:blink,0.5338,71,"[0.4674, 0.5045, 0.4223, 0.5283, 0.443, 0.7391, 0.605, 0.5635, 0.5693, 0.4504, 0.438, 0.513, 0.6549, 0.6843, 0.6401, 0.6459, 0.5436, 0.6123, 0.5627, 0.5875, 0.6256, 0.6397, 0.5406, 0.7418, 0.6211, 0.5726, 0.5725, 0.4885, 0.5791, 0.5801, 0.6097, 0.4975, 0.554, 0.5257, 0.4608, 0.4269, 0.519, 0.5037, 0.5332, 0.602, 0.5818, 0.4958, 0.397, 0.4249, 0.5987, 0.3258, 0.4231, 0.5516, 0.5258, 0.4754, 0.5171, 0.4621, 0.5531, 0.5262, 0.4743, 0.4993, 0.6089, 0.4776, 0.4988, 0.4493, 0.544, 0.5395, 0.453, 0.6042, 0.4398, 0.5923, 0.5667, 0.4555, 0.4716, 0.494, 0.5993]",0,True,81.6,-3.07,0.0,print_glossy
head_pose_face_detection_female,360,cutout_mask,False,not_live,0.3964741959165083,passive_model_rejected,0.1669,109,"[0.4435, 0.0725, 0.297, 0.1173, 0.5283, 0.2362, 0.068, 0.1063, 0.1122, 0.2389, 0.3781, 0.5064, 0.0936, 0.0648, 0.1559, 0.0758, 0.1434, 0.2278, 0.118, 0.1033, 0.3066, 0.2163, 0.5793, 0.0626, 0.4229, 0.2907, 0.3077, 0.0865, 0.183, 0.1263, 0.148, 0.0755, 0.1034, 0.2044, 0.1819, 0.2085, 0.0903, 0.2321, 0.33, 0.0966, 0.1944, 0.1175, 0.3478, 0.4244, 0.0612, 0.0845, 0.0548, 0.1534, 0.5537, 0.0658, 0.0791, 0.4236, 0.1002, 0.1729, 0.096, 0.2317, 0.0612, 0.0747, 0.2229, 0.2164, 0.1138, 0.0934, 0.0611, 0.062, 0.4427, 0.3028, 0.4674, 0.0677, 0.0598, 0.0883, 0.0589, 0.0606, 0.2269, 0.5084, 0.1473, 0.1192, 0.1506, 0.101, 0.0684, 0.3762, 0.1092, 0.0727, 0.1226, 0.1184, 0.3159, 0.2456, 0.3947, 0.1862, 0.1499, 0.1151, 0.1723, 0.6644, 0.0621, 0.1806, 0.1531, 0.0965, 0.2641, 0.3607, 0.1092, 0.2185, 0.188, 0.1716, 0.1912, 0.152, 0.3057, 0.079, 0.1861, 0.4359, 0.4381]",2,True,143.4,-5.85,0.0,cutout_mask
head_pose_face_detection_female,1080,replay_phone,False,not_live,0.3406800120643276,low_confidence:blink,0.4599,70,"[0.2881, 0.4402, 0.4006, 0.576, 0.3682, 0.5402, 0.532, 0.5331, 0.4493, 0.4975, 0.4917, 0.4888, 0.548, 0.6533, 0.3433, 0.3996, 0.3623, 0.3752, 0.6094, 0.6821, 0.5152, 0.4809, 0.2631, 0.3288, 0.4896, 0.6047, 0.39, 0.4159, 0.4827, 0.2698, 0.4368, 0.3517, 0.427, 0.461, 0.4901, 0.586, 0.3964, 0.4374, 0.5314, 0.4852, 0.4097, 0.4222, 0.4696, 0.4595, 0.4798, 0.4684, 0.3396, 0.3305, 0.4579, 0.4781, 0.4278, 0.4837, 0.5766, 0.4982, 0.5927, 0.4887, 0.4087, 0.4532, 0.3031, 0.3735, 0.502, 0.5322, 0.5345, 0.5041, 0.3001, 0.3001, 0.4231, 0.4506, 0.5153, 0.5548]",0,True,78.0,-4.3,0.0,print_glossy
head_pose_face_detection_female,1080,replay_monitor,False,not_live,0.19911962059480873,passive_model_rejected,0.0858,96,"[0.0747, 0.097, 0.0802, 0.0747, 0.0827, 0.0854, 0.0836, 0.0778, 0.0718, 0.0766, 0.0818, 0.0795, 0.0665, 0.0786, 0.0722, 0.0758, 0.0824, 0.081, 0.0647, 0.0791, 0.081, 0.073, 0.0658, 0.0694, 0.0779, 0.0759, 0.0889, 0.0839, 0.0624, 0.0769, 0.0733, 0.089, 0.0851, 0.0837, 0.0709, 0.0666, 0.0846, 0.0794, 0.0841, 0.0839, 0.0868, 0.0768, 0.0799, 0.0867, 0.086, 0.0878, 0.0786, 0.0719, 0.0854, 0.084, 0.0693, 0.1034, 0.0861, 0.0905, 0.0764, 0.0945, 0.1616, 0.1149, 0.0866, 0.0842, 0.0842, 0.1022, 0.0772, 0.1178, 0.0979, 0.1101, 0.0885, 0.1241, 0.0914, 0.1002, 0.0849, 0.0773, 0.0958, 0.1469, 0.1735, 0.0973, 0.1203, 0.0958, 0.1397, 0.0905, 0.0805, 0.0997, 0.1113, 0.0746, 0.1294, 0.1192, 0.1039, 0.1191, 0.0835, 0.1062, 0.1256, 0.1216, 0.0939, 0.092, 0.1013, 0.0844]",0,True,132.5,-6.04,0.0,replay_monitor
head_pose_face_detection_female,1440,print_matte,False,not_live,0.4628162662111877,passive_model_rejected,0.2063,50,"[0.158, 0.151, 0.2104, 0.2876, 0.2115, 0.2226, 0.2451, 0.1756, 0.2541, 0.1825, 0.1982, 0.1858, 0.2036, 0.4285, 0.2601, 0.1869, 0.2189, 0.1852, 0.2058, 0.2103, 0.1898, 0.1694, 0.2029, 0.2433, 0.3283, 0.1683, 0.1045, 0.2187, 0.209, 0.1665, 0.1402, 0.2048, 0.1988, 0.2557, 0.2486, 0.2284, 0.1805, 0.2154, 0.2075, 0.2332, 0.2606, 0.2715, 0.3108, 0.1959, 0.1617, 0.218, 0.2058, 0.1069, 0.1786, 0.1914]",2,False,0.0,-99.0,0.0,print_matte
head_pose_face_detection_female,1080,cutout_mask,False,not_live,0.18899953155621413,passive_model_rejected,0.059,119,"[0.0655, 0.0652, 0.0657, 0.0637, 0.0669, 0.0621, 0.0606, 0.059, 0.0574, 0.0636, 0.0547, 0.0678, 0.0642, 0.0626, 0.0577, 0.0615, 0.0639, 0.061, 0.0646, 0.0585, 0.0611, 0.0644, 0.0647, 0.0623, 0.0642, 0.0684, 0.0591, 0.0615, 0.0612, 0.0642, 0.0631, 0.0637, 0.0659, 0.0609, 0.0624, 0.0622, 0.0614, 0.0638, 0.0615, 0.0603, 0.0612, 0.0629, 0.062, 0.061, 0.0622, 0.0616, 0.065, 0.0593, 0.0598, 0.0638, 0.0608, 0.0579, 0.0619, 0.0577, 0.0625, 0.0644, 0.0592, 0.0633, 0.0583, 0.0563, 0.0572, 0.062, 0.0561, 0.0626, 0.0583, 0.0597, 0.0625, 0.0577, 0.057, 0.0562, 0.0531, 0.0568, 0.0573, 0.0624, 0.0591, 0.0573, 0.0588, 0.0577, 0.054, 0.0564, 0.0555, 0.0604, 0.0579, 0.0588, 0.0568, 0.0555, 0.0565, 0.0565, 0.0608, 0.0547, 0.0519, 0.0477, 0.0533, 0.0482, 0.0488, 0.0531, 0.0514, 0.0533, 0.0468, 0.0491, 0.0471, 0.0539, 0.0502, 0.0558, 0.0518, 0.0534, 0.0509, 0.0512, 0.0605, 0.0581, 0.0574, 0.0518, 0.0506, 0.0527, 0.0496, 0.0514, 0.0523, 0.0517, 0.0503]",0,True,80.2,-2.86,0.0,cutout_mask
head_pose_face_detection_female,1440,print_glossy,False,not_live,0.5912560964630004,low_confidence:pulse,0.6816,50,"[0.7443, 0.5522, 0.6414, 0.819, 0.5947, 0.7016, 0.7389, 0.7911, 0.7562, 0.7967, 0.7045, 0.7287, 0.7059, 0.6802, 0.7041, 0.6746, 0.6064, 0.6896, 0.5578, 0.6259, 0.5523, 0.5091, 0.6934, 0.7571, 0.6817, 0.7072, 0.6292, 0.622, 0.8154, 0.7404, 0.6705, 0.7884, 0.7192, 0.7585, 0.609, 0.6771, 0.6725, 0.6235, 0.5491, 0.58, 0.7363, 0.7417, 0.6142, 0.6728, 0.6223, 0.7855, 0.6806, 0.6365, 0.6688, 0.6581]",1,True,147.5,-5.24,0.0,print_glossy
head_pose_face_detection_female,1440,replay_monitor,False,inconclusive,0.0,insufficient_quality:no_face,,0,[],0,False,0.0,-99.0,0.0,
head_pose_face_detection_female,1440,cutout_mask,False,not_live,0.35674949799676964,passive_model_rejected,0.0619,119,"[0.0628, 0.0595, 0.0626, 0.0636, 0.0644, 0.0625, 0.0637, 0.0652, 0.0653, 0.0626, 0.0624, 0.0581, 0.0596, 0.06, 0.0556, 0.061, 0.0648, 0.0642, 0.0625, 0.0622, 0.0622, 0.0611, 0.0634, 0.0618, 0.0623, 0.0607, 0.0621, 0.0621, 0.0613, 0.0577, 0.0576, 0.0625, 0.0597, 0.064, 0.0607, 0.0666, 0.0636, 0.064, 0.0637, 0.0631, 0.0641, 0.0639, 0.068, 0.0637, 0.064, 0.0597, 0.0638, 0.0639, 0.0584, 0.067, 0.0631, 0.0635, 0.0645, 0.074, 0.0748, 0.0731, 0.0684, 0.0618, 0.0617, 0.0573, 0.0585, 0.0569, 0.0567, 0.0583, 0.0574, 0.0615, 0.0592, 0.0566, 0.0639, 0.0593, 0.0506, 0.0563, 0.054, 0.0554, 0.0598, 0.0633, 0.0568, 0.0667, 0.0676, 0.0642, 0.0605, 0.0567, 0.0553, 0.0561, 0.0674, 0.0614, 0.0629, 0.0608, 0.0636, 0.065, 0.0681, 0.0634, 0.0628, 0.0607, 0.0578, 0.0587, 0.057, 0.059, 0.0561, 0.0668, 0.0573, 0.0629, 0.0601, 0.0655, 0.0615, 0.0606, 0.0589, 0.0595, 0.0647, 0.0604, 0.0585, 0.0677, 0.0649, 0.0621, 0.063, 0.0643, 0.0651, 0.0631, 0.0548]",1,True,64.8,-1.99,0.0,cutout_mask
head_pose_face_detection_female,1440,replay_phone,False,not_live,0.4121611002432841,passive_model_rejected,0.2083,50,"[0.3488, 0.2503, 0.2041, 0.3106, 0.2781, 0.333, 0.3018, 0.4126, 0.3877, 0.3033, 0.238, 0.234, 0.2126, 0.1738, 0.1721, 0.302, 0.2713, 0.2117, 0.2679, 0.1592, 0.1833, 0.2697, 0.1654, 0.195, 0.1723, 0.1763, 0.1819, 0.1479, 0.1778, 0.1295, 0.167, 0.165, 0.125, 0.1555, 0.1589, 0.1714, 0.1101, 0.2799, 0.27, 0.2083, 0.1537, 0.1772, 0.254, 0.1728, 0.2622, 0.2711, 0.2139, 0.1173, 0.1077, 0.1108]",1,True,123.3,-3.49,0.0,replay_phone
